{"cameraMode":{"drawMode":0,"name":"Shaded","section":"Shading Mode"},"sceneLighting":true,"audioPlay":false,"sceneViewState":{"m_AlwaysRefresh":false,"showFog":true,"showSkybox":true,"showFlares":true,"showImageEffects":true,"showParticleSystems":true,"showVisualEffectGraphs":true,"m_FxEnabled":true},"in2DMode":false,"pivot":{"x":0.1559615135192871,"y":0.6498610973358154,"z":0.3250246047973633},"rotation":{"x":0.15249869227409364,"y":0.5668089389801025,"z":-0.10772190988063812,"w":0.8024142384529114},"size":0.6486949920654297,"orthographic":false}