{"cameraMode":{"drawMode":0,"name":"Shaded","section":"Shading Mode"},"sceneLighting":true,"audioPlay":false,"sceneViewState":{"m_AlwaysRefresh":false,"showFog":true,"showSkybox":true,"showFlares":true,"showImageEffects":true,"showParticleSystems":true,"showVisualEffectGraphs":true,"m_FxEnabled":true},"in2DMode":false,"pivot":{"x":-0.14706705510616303,"y":0.7094734907150269,"z":0.41007137298583987},"rotation":{"x":0.18152660131454469,"y":0.3469499945640564,"z":-0.06863810867071152,"w":0.9175878167152405},"size":0.5723577737808228,"orthographic":false}